{
	"totalCount": 2,
	"list": [
		{
			"id": "07f353b2-3f13-419c-aa52-53f287e3f057",
			"name": "Romeo",
			"missionSuccessRate": {
				"f41f17d8-c2ce-32e4-b635-f1004e4c56ac": 0.05469811312420256,
				"5dae4343-e1fe-3597-a258-9e4ff7541ae2": 0.7079527207670044,
				"3d05d09b-500a-3d3c-9b4d-ea41184bfa01": 0.7858170285742793,
				"0c9f76b5-734a-3d1d-ae86-63c8085e3d01": 0.05105255923854997,
				"e0ee51ad-25ba-3a13-9bbb-900870a2901f": 0.18324247822852052,
				"698830de-94df-303f-8579-28859e292e59": 0.7858170285742793,
				"c243475f-7186-362b-8de9-613943898d60": 0.05771973687234079,
				"136e4fe3-afb4-364e-bd98-d23535d49140": 0.7079527207670044,
				"bda6fd38-026b-395d-83c7-d510eff91ae3": 0.250430124942778,
				"5b1c8954-ccb4-3e45-9546-eb241c5ffcb8": 0.18324247822852052,
				"9686a56d-a146-3d09-9f54-02b38df0647e": 0.05469811312420256
			}
		},
		{
			"id": "fb8be136-0247-4cad-92c5-596be760bd4d",
			"name": "November",
			"missionSuccessRate": {
				"f41f17d8-c2ce-32e4-b635-f1004e4c56ac": 0.05469811312420256,
				"5dae4343-e1fe-3597-a258-9e4ff7541ae2": 0.7079527207670044,
				"3d05d09b-500a-3d3c-9b4d-ea41184bfa01": 0.7858170285742793,
				"0c9f76b5-734a-3d1d-ae86-63c8085e3d01": 0.05105255923854997,
				"e0ee51ad-25ba-3a13-9bbb-900870a2901f": 0.18324247822852052,
				"698830de-94df-303f-8579-28859e292e59": 0.7858170285742793,
				"c243475f-7186-362b-8de9-613943898d60": 0.05771973687234079,
				"136e4fe3-afb4-364e-bd98-d23535d49140": 0.7079527207670044,
				"bda6fd38-026b-395d-83c7-d510eff91ae3": 0.250430124942778,
				"5b1c8954-ccb4-3e45-9546-eb241c5ffcb8": 0.18324247822852052,
				"9686a56d-a146-3d09-9f54-02b38df0647e": 0.05469811312420256
			}
		}
	]
}